{
    "0": {
        "24h_change": 1.2077294685990223,
        "cur_price": 4.19e-06,
        "market": "BTC-MORE"
    },
    "1": {
        "24h_change": -0.31252586906252444,
        "cur_price": 0.01806347,
        "market": "BTC-ETH"
    },
    "2": {
        "24h_change": -1.0869565217391315,
        "cur_price": 1.82e-06,
        "market": "BTC-TRX"
    },
    "3": {
        "24h_change": 0.0,
        "cur_price": 3e-08,
        "market": "BTC-DTA"
    },
    "4": {
        "24h_change": 1.9412643106022964,
        "cur_price": 2.048e-05,
        "market": "BTC-VTC"
    },
    "5": {
        "24h_change": 3.2806804374240723,
        "cur_price": 8.5e-05,
        "market": "BTC-BLOCK"
    },
    "6": {
        "24h_change": -1.3333333333333346,
        "cur_price": 7.4e-07,
        "market": "BTC-DGB"
    },
    "7": {
        "24h_change": -1.5091827109804146,
        "cur_price": 0.00035502,
        "market": "BTC-EOS"
    },
    "8": {
        "24h_change": -1.440660560212769,
        "cur_price": 0.0057104,
        "market": "BTC-LTC"
    },
    "9": {
        "24h_change": -7.09219858156029,
        "cur_price": 1.31e-06,
        "market": "BTC-TRAC"
    }
}